date,folder,source,url,title,published,modified,authors,words,images,images_failed,status,crawled_at,images_repo
2024-12-01,data/2024/2024-12-01,isw,https://understandingwar.org/research/russia-ukraine/russian-offensive-campaign-assessment-december-1-2024/,"Russian Offensive Campaign Assessment, December 1, 2024",2024-12-02T02:09:03+00:00,2026-03-30T20:37:57+00:00,,3789,12,0,ok,2026-10-04T03:49:10+00:00,
2024-12-01,data/2024/2024-12-01_2,isw,https://understandingwar.org/research/russia-ukraine/russian-offensive-campaign-assessment-updates-2/,Russian Offensive Campaign Assessment Updates December 2025 – February 2026,2024-12-01T14:43:00+00:00,2026-06-01T00:28:15+00:00,,159141,0,0,ok,2026-10-04T03:49:11+00:00,
2024-12-02,data/2024/2024-12-02,isw,https://understandingwar.org/research/russia-ukraine/russian-offensive-campaign-assessment-december-2-2024/,"Russian Offensive Campaign Assessment, December 2, 2024",2024-12-03T02:56:30+00:00,2026-03-30T20:35:52+00:00,,5359,12,0,ok,2026-10-04T03:48:53+00:00,
2024-12-03,data/2024/2024-12-03,isw,https://understandingwar.org/research/russia-ukraine/russian-offensive-campaign-assessment-december-3-2024/,"Russian Offensive Campaign Assessment, December 3, 2024",2024-12-04T03:35:58+00:00,2026-03-30T20:33:43+00:00,,4720,11,0,ok,2026-10-04T03:48:37+00:00,
2024-12-04,data/2024/2024-12-04,isw,https://understandingwar.org/research/russia-ukraine/russian-offensive-campaign-assessment-december-4-2024/,"Russian Offensive Campaign Assessment, December 4, 2024",2024-12-05T04:58:09+00:00,2026-03-30T20:31:40+00:00,,4161,12,0,ok,2026-10-04T03:48:22+00:00,
2024-12-05,data/2024/2024-12-05,isw,https://understandingwar.org/research/russia-ukraine/russian-offensive-campaign-assessment-december-5-2024/,"Russian Offensive Campaign Assessment, December 5, 2024",2024-12-06T01:49:21+00:00,2026-03-30T20:30:07+00:00,,5082,12,0,ok,2026-10-04T03:48:06+00:00,
2024-12-06,data/2024/2024-12-06,isw,https://understandingwar.org/research/russia-ukraine/russian-offensive-campaign-assessment-december-6-2024/,"Russian Offensive Campaign Assessment, December 6, 2024",2024-12-06T05:00:00+00:00,2026-03-30T20:27:49+00:00,,6448,12,0,ok,2026-10-04T03:47:50+00:00,
2024-12-07,data/2024/2024-12-07,isw,https://understandingwar.org/research/russia-ukraine/russian-offensive-campaign-assessment-december-7-2024/,"Russian Offensive Campaign Assessment, December 7, 2024",2024-12-08T03:56:00+00:00,2026-03-30T20:24:34+00:00,,5169,11,0,ok,2026-10-04T03:47:34+00:00,
2024-12-08,data/2024/2024-12-08,isw,https://understandingwar.org/research/russia-ukraine/russian-offensive-campaign-assessment-december-8-2024/,"Russian Offensive Campaign Assessment, December 8, 2024",2024-12-09T01:59:00+00:00,2026-03-30T20:19:57+00:00,,4836,12,0,ok,2026-10-04T03:47:19+00:00,
2024-12-09,data/2024/2024-12-09,isw,https://understandingwar.org/research/russia-ukraine/russian-offensive-campaign-assessment-december-9-2024/,"Russian Offensive Campaign Assessment, December 9, 2024",2024-12-10T02:32:13+00:00,2026-03-30T20:19:01+00:00,,6400,12,0,ok,2026-10-04T03:47:03+00:00,
2024-12-10,data/2024/2024-12-10,isw,https://understandingwar.org/research/russia-ukraine/russian-offensive-campaign-assessment-december-10-2024/,"Russian Offensive Campaign Assessment, December 10, 2024",2024-12-11T04:16:24+00:00,2026-03-30T20:16:28+00:00,,4959,14,0,ok,2026-10-04T03:46:47+00:00,
2024-12-11,data/2024/2024-12-11,isw,https://understandingwar.org/research/russia-ukraine/russian-offensive-campaign-assessment-december-11-2024/,"Russian Offensive Campaign Assessment, December 11, 2024",2024-12-12T01:08:42+00:00,2026-03-30T19:02:02+00:00,,4276,12,0,ok,2026-10-04T03:46:28+00:00,
2024-12-12,data/2024/2024-12-12,isw,https://understandingwar.org/research/russia-ukraine/russian-offensive-campaign-assessment-december-12-2024/,"Russian Offensive Campaign Assessment, December 12, 2024",2024-12-13T03:48:34+00:00,2026-03-30T18:25:01+00:00,,6150,12,0,ok,2026-10-04T03:46:13+00:00,
2024-12-13,data/2024/2024-12-13,isw,https://understandingwar.org/research/russia-ukraine/russian-offensive-campaign-assessment-december-13-2024/,"Russian Offensive Campaign Assessment, December 13, 2024",2024-12-14T03:13:15+00:00,2026-03-30T18:23:23+00:00,,5504,13,0,ok,2026-10-04T03:45:56+00:00,
2024-12-14,data/2024/2024-12-14,isw,https://understandingwar.org/research/russia-ukraine/russian-offensive-campaign-assessment-december-14-2024/,"Russian Offensive Campaign Assessment, December 14, 2024",2024-12-15T04:53:53+00:00,2026-03-30T18:21:57+00:00,,4827,13,0,ok,2026-10-04T03:45:39+00:00,
2024-12-15,data/2024/2024-12-15,isw,https://understandingwar.org/research/russia-ukraine/russian-offensive-campaign-assessment-december-15-2024/,"Russian Offensive Campaign Assessment, December 15, 2024",2024-12-16T03:18:14+00:00,2025-05-15T03:16:50+00:00,,4638,12,0,ok,2026-10-04T03:45:22+00:00,
2024-12-16,data/2024/2024-12-16,isw,https://understandingwar.org/research/russia-ukraine/russian-offensive-campaign-assessment-december-16-2024/,"Russian Offensive Campaign Assessment, December 16, 2024",2024-12-17T03:30:11+00:00,2026-03-30T18:18:26+00:00,,6653,13,0,ok,2026-10-04T03:45:06+00:00,
2024-12-17,data/2024/2024-12-17,isw,https://understandingwar.org/research/russia-ukraine/russian-offensive-campaign-assessment-december-17-2024/,"Russian Offensive Campaign Assessment, December 17, 2024",2024-12-18T03:02:58+00:00,2026-03-30T18:16:29+00:00,,4153,13,0,ok,2026-10-04T03:44:48+00:00,
2024-12-18,data/2024/2024-12-18,isw,https://understandingwar.org/research/russia-ukraine/russian-offensive-campaign-assessment-december-18-2024/,"Russian Offensive Campaign Assessment, December 18, 2024",2024-12-19T06:49:22+00:00,2026-03-30T18:14:59+00:00,,4598,13,0,ok,2026-10-04T03:44:31+00:00,
2024-12-19,data/2024/2024-12-19,isw,https://understandingwar.org/research/russia-ukraine/russian-offensive-campaign-assessment-december-19-2024/,"Russian Offensive Campaign Assessment, December 19, 2024",2024-12-20T04:04:01+00:00,2026-03-30T18:12:51+00:00,,8126,13,0,ok,2026-10-04T03:44:14+00:00,
2024-12-20,data/2024/2024-12-20,isw,https://understandingwar.org/research/russia-ukraine/russian-offensive-campaign-assessment-december-20-2024/,"Russian Offensive Campaign Assessment, December 20, 2024",2024-12-21T01:54:36+00:00,2026-03-30T18:08:50+00:00,,3930,12,0,ok,2026-10-04T03:43:57+00:00,
2024-12-21,data/2024/2024-12-21,isw,https://understandingwar.org/research/russia-ukraine/russian-offensive-campaign-assessment-december-21-2024/,"Russian Offensive Campaign Assessment, December 21, 2024",2024-12-22T05:24:48+00:00,2026-03-30T17:59:07+00:00,,4637,12,0,ok,2026-10-04T03:43:36+00:00,
2024-12-22,data/2024/2024-12-22,isw,https://understandingwar.org/research/russia-ukraine/russian-offensive-campaign-assessment-december-22-2024/,"Russian Offensive Campaign Assessment, December 22, 2024",2024-12-23T01:21:35+00:00,2026-03-30T17:57:54+00:00,,3492,12,0,ok,2026-10-04T03:43:19+00:00,
2024-12-23,data/2024/2024-12-23,isw,https://understandingwar.org/research/russia-ukraine/russian-offensive-campaign-assessment-december-23-2024/,"Russian Offensive Campaign Assessment, December 23, 2024",2024-12-24T05:25:11+00:00,2026-03-30T17:51:19+00:00,,7321,13,0,ok,2026-10-04T03:43:03+00:00,
2024-12-24,data/2024/2024-12-24,isw,https://understandingwar.org/research/russia-ukraine/russian-offensive-campaign-assessment-december-24-2024/,"Russian Offensive Campaign Assessment, December 24, 2024",2024-12-25T03:20:20+00:00,2025-05-15T02:44:16+00:00,,5315,12,0,ok,2026-10-04T03:42:46+00:00,
2024-12-26,data/2024/2024-12-26,isw,https://understandingwar.org/research/russia-ukraine/russian-offensive-campaign-assessment-december-26-2024/,"Russian Offensive Campaign Assessment, December 26, 2024",2024-12-27T06:59:29+00:00,2026-03-30T17:42:05+00:00,,7075,12,0,ok,2026-10-04T03:42:24+00:00,
2024-12-27,data/2024/2024-12-27,isw,https://understandingwar.org/research/russia-ukraine/russian-offensive-campaign-assessment-december-27-2024/,"Russian Offensive Campaign Assessment, December 27, 2024",2024-12-28T02:46:14+00:00,2026-03-30T17:24:11+00:00,,6281,11,0,ok,2026-10-04T03:42:09+00:00,
2024-12-28,data/2024/2024-12-28,isw,https://understandingwar.org/research/russia-ukraine/russian-offensive-campaign-assessment-december-28-2024/,"Russian Offensive Campaign Assessment, December 28, 2024",2024-12-29T05:27:46+00:00,2026-03-30T17:35:08+00:00,,3557,12,0,ok,2026-10-04T03:41:54+00:00,
2024-12-29,data/2024/2024-12-29,isw,https://understandingwar.org/research/russia-ukraine/russian-offensive-campaign-assessment-december-29-2024/,"Russian Offensive Campaign Assessment, December 29, 2024",2024-12-30T01:54:41+00:00,2026-03-30T17:18:40+00:00,,5165,11,0,ok,2026-10-04T03:41:38+00:00,
2024-12-30,data/2024/2024-12-30,isw,https://understandingwar.org/research/russia-ukraine/russian-offensive-campaign-assessment-december-30-2024/,"Russian Offensive Campaign Assessment, December 30, 2024",2024-12-31T03:09:35+00:00,2026-03-30T17:17:32+00:00,,4235,12,0,ok,2026-10-04T03:41:18+00:00,
2024-12-31,data/2024/2024-12-31,isw,https://understandingwar.org/research/russia-ukraine/russian-offensive-campaign-assessment-december-31-2024/,"Russian Offensive Campaign Assessment, December 31, 2024",2025-01-01T03:53:59+00:00,2026-03-30T17:11:58+00:00,,5880,13,0,ok,2026-10-04T03:41:02+00:00,
